threads,points,clusters,sequential_ms,parallel_ms,speedup,efficiency
1,100000,8,195.885,164.570,1.190284,1.190284
2,100000,8,181.694,422.887,0.429651,0.214826
4,100000,8,179.572,747.477,0.240237,0.060059
8,100000,8,180.109,1184.526,0.152052,0.019006
16,100000,8,197.392,1796.356,0.109885,0.006868
